1.1.1.14	0.089	NAD+		Bos taurus	7	285895
1.1.1.30	0.175	NAD+		Bos taurus	7	286535
1.1.1.30	0.27	NAD+	240 mM Na+, purified enzyme, reconstituted with total mitochondrial phospholipids	Bos taurus	7	286517
1.1.1.30	0.36	NAD+	heart 3-hydroxybutyrate dehydrogenase	Bos taurus	7	286521
1.1.1.30	0.55	NAD+		Bos taurus	7	286525
1.1.1.30	0.902	NAD+	cyanylated enzyme	Bos taurus	7	286525
1.1.1.30	0.95	NAD+	submitochondrial vesicles	Bos taurus	7	286513
1.1.1.41	0.06	NAD+		Bos taurus	7	286760
1.1.1.47	0.0212	NAD+	pH 9.5, 30&deg;C, substrate beta-D-glucose	Bos taurus	7	639119
1.1.1.47	48	NAD+		Bos taurus	7	639100
1.1.1.49	0.047	NAD+		Bos taurus	7	286980
1.1.1.81	0.077	NAD+		Bos taurus	7	287379
1.1.1.81	0.22	NAD+	D-glycerate oxidation, 50 mM, NaCl, pH 9	Bos taurus	7	287383
1.1.1.141	0.11	NAD+		Bos taurus	7	285926
1.1.1.145	0.0062	NAD+		Bos taurus	7	389369
1.2.1.3	0.047	NAD+		Bos taurus	7	348723
1.2.1.5	0.43	NAD+	reaction with propanal	Bos taurus	7	348781
1.2.1.12	0.031	NAD+	pH 8.9	Bos taurus	7	287979
1.2.1.12	0.19	NAD+	pH 8.0	Bos taurus	7	287979
1.2.1.12	0.255	NAD+	pH and temperature not specified in the publication	Bos taurus	7	743755
1.2.1.88	0.053	NAD+		Bos taurus	7	392053
1.2.4.1	0.033	NAD+	2-oxoglutarate dehydrogenase complex, pH 7.6, 30&deg;C, in presence of thiamine diphosphate	Bos taurus	7	656580
1.2.4.1	0.07	NAD+	2-oxoglutarate dehydrogenase complex, pH 7.6, 30&deg;C, in absence of thiamine diphosphate	Bos taurus	7	656580
1.2.4.4	0.03	NAD+		Bos taurus	7	349061
1.4.1.2	0.14	NAD+	0.008 mM inhibitor 3-(3,5-dibromo)-4-hydroxybenzylidine-5-iodo-1,3-dihydro-indol-2-one, Vmax: 0.04, pH 7.5	Bos taurus	7	698927
1.4.1.2	0.23	NAD+	0.0015 mM inhibitor 3-(3,5-dibromo)-4-hydroxybenzylidine-5-iodo-1,3-dihydro-indol-2-one, Vmax: 0.13, pH 7.5	Bos taurus	7	698927
1.4.1.2	0.26	NAD+	0.004 mM inhibitor 3-(3,5-dibromo)-4-hydroxybenzylidine-5-iodo-1,3-dihydro-indol-2-one, Vmax: 0.09, pH 7.5	Bos taurus	7	698927
1.4.1.2	0.26	NAD+	0.009 mM inhibitor biothionol, Vmax: 0.05, pH 7.5	Bos taurus	7	698927
1.4.1.2	0.31	NAD+	without inhibitor 3-(3,5-dibromo)-4-hydroxybenzylidine-5-iodo-1,3-dihydro-indol-2-one, Vmax: 0.24, pH 7.5	Bos taurus	7	698927
1.4.1.2	0.31	NAD+	without inhibitor biothionol, Vmax: 0.24, pH 7.5	Bos taurus	7	698927
1.4.1.2	0.36	NAD+	0.005 mM inhibitor biothionol, Vmax: 0.13, pH 7.5	Bos taurus	7	698927
1.4.1.2	0.43	NAD+	0.003 mM inhibitor biothionol, Vmax: 0.22, pH 7.5	Bos taurus	7	698927
1.4.1.3	0.1	NAD+	pH 8.0, 25&deg;C, recombinant enzyme	Bos taurus	7	655941
1.4.1.3	0.11	NAD+	pH 8.0, 25&deg;C, native enzyme	Bos taurus	7	655941
1.4.1.3	0.175	NAD+		Bos taurus	7	391617
1.6.1.2	0.028	NAD+		Bos taurus	7	392595
1.6.1.2	0.028	NAD+	nonenergy-linked reaction	Bos taurus	7	392643
1.6.1.2	0.0435	NAD+	energy-linked reaction	Bos taurus	7	392643
1.6.1.2	0.125	NAD+	cosubstrate NADPH	Bos taurus	7	392626
1.17.1.4	0.00274	NAD+	pH 7.2, 25&deg;C	Bos taurus	7	659580
1.17.1.4	0.0067	NAD+	electron donor: xanthine	Bos taurus	7	644588
2.7.7.1	0.37	NAD+	37&deg;C, pH 7.4	Bos taurus	7	642792
3.1.4.1	0.03	NAD+		Bos taurus	7	208387
3.2.2.5	0.016	NAD+		Bos taurus	7	137068
3.2.2.5	0.016	NAD+	erythrocytes	Bos taurus	7	137060
3.2.2.5	0.056	NAD+		Bos taurus	7	137067
3.2.2.5	0.056	NAD+	spleen	Bos taurus	7	137060
3.2.2.5	0.06	NAD+		Bos taurus	7	137093
3.2.2.5	0.067	NAD+	brain	Bos taurus	7	137060
3.2.2.5	0.1	NAD+		Bos taurus	7	137060
3.2.2.5	0.1	NAD+	25&deg;C , seminal fluid	Bos taurus	7	137055
3.2.2.5	0.32	NAD+	38&deg;C	Bos taurus	7	137055
3.2.2.5	0.4	NAD+		Bos taurus	7	137079
3.2.2.6	0.0171	NAD+	pH 7.4, 37&deg;C, recombinant wild-type enzyme	Bos taurus	7	732691
3.2.2.6	0.0171	NAD+	recombinant wild-type enzyme, pH 7.4, 37&deg;C	Bos taurus	7	731357
3.2.2.6	0.0175	NAD+	recombinant mutant D147A, pH 7.4, 37&deg;C	Bos taurus	7	731357
3.2.2.6	0.0187	NAD+	pH 7.4, 37&deg;C, recombinant mutant S185A	Bos taurus	7	732691
3.2.2.6	0.0189	NAD+	recombinant mutant W118A, pH 7.4, 37&deg;C	Bos taurus	7	731357
3.2.2.6	0.0215	NAD+	recombinant mutant W181F, pH 7.4, 37&deg;C	Bos taurus	7	731357
3.2.2.6	0.0229	NAD+	pH 7.4, 37&deg;C, recombinant mutant R216A	Bos taurus	7	732691
3.2.2.6	0.0246	NAD+	pH 7.4, 37&deg;C, recombinant mutant W168A	Bos taurus	7	732691
3.2.2.6	0.0247	NAD+	pH 7.4, 37&deg;C, recombinant mutant E218Q	Bos taurus	7	732691
3.2.2.6	0.0247	NAD+	recombinant mutant E218Q, pH 7.4, 37&deg;C	Bos taurus	7	731357
3.2.2.6	0.0276	NAD+	recombinant mutant E138A, pH 7.4, 37&deg;C	Bos taurus	7	731357
3.2.2.6	0.0277	NAD+	pH 7.4, 37&deg;C, recombinant mutant K120A	Bos taurus	7	732691
3.2.2.6	0.028	NAD+	recombinant mutant E218A, pH 7.4, 37&deg;C	Bos taurus	7	731357
3.2.2.6	0.0289	NAD+	recombinant mutant W118H, pH 7.4, 37&deg;C	Bos taurus	7	731357
3.2.2.6	0.0295	NAD+	recombinant mutant E138Q, pH 7.4, 37&deg;C	Bos taurus	7	731357
3.2.2.6	0.0297	NAD+	recombinant mutant W118A/W181A, pH 7.4, 37&deg;C	Bos taurus	7	731357
3.2.2.6	0.036	NAD+	recombinant mutant W118F, pH 7.4, 37&deg;C	Bos taurus	7	731357
3.2.2.6	0.0453	NAD+	recombinant mutant W181A, pH 7.4, 37&deg;C	Bos taurus	7	731357
3.6.1.9	0.009	NAD+		Bos taurus	7	246819
7.1.1.2	0.007	NAD+	pH 8.0, 25&deg;C, succinate supported NAD+ reduction	Bos taurus	7	658174